a,b,method,samples,excess_risk
1.1,1.1,constant+average,100,7.870544128111306e-06
1.1,1.1,constant+average,106,7.869260715960604e-06
1.1,1.1,constant+average,113,7.867765147986577e-06
1.1,1.1,constant+average,121,7.866058224466263e-06
1.1,1.1,constant+average,129,7.864353744863642e-06
1.1,1.1,constant+average,137,7.862651702978936e-06
1.1,1.1,constant+average,146,7.86073981227676e-06
1.1,1.1,constant+average,155,7.858830991047146e-06
1.1,1.1,constant+average,165,7.856713668833537e-06
1.1,1.1,constant+average,176,7.854388966998176e-06
1.1,1.1,constant+average,187,7.852068811415234e-06
1.1,1.1,constant+average,199,7.84954290133412e-06
1.1,1.1,constant+average,212,7.846812565130095e-06
1.1,1.1,constant+average,226,7.843879233831038e-06
1.1,1.1,constant+average,241,7.84074443927731e-06
1.1,1.1,constant+average,256,7.837617950267079e-06
1.1,1.1,constant+average,273,7.83408459452075e-06
1.1,1.1,constant+average,291,7.830354922072405e-06
1.1,1.1,constant+average,310,7.826430847694374e-06
1.1,1.1,constant+average,330,7.822314376018913e-06
1.1,1.1,constant+average,351,7.818007599020151e-06
1.1,1.1,constant+average,374,7.813308790167121e-06
1.1,1.1,constant+average,398,7.808425781280722e-06
1.1,1.1,constant+average,424,7.803158867547216e-06
1.1,1.1,constant+average,451,7.797714541634307e-06
1.1,1.1,constant+average,480,7.791895283507525e-06
1.1,1.1,constant+average,511,7.785706923066647e-06
1.1,1.1,constant+average,545,7.77895766694652e-06
1.1,1.1,constant+average,580,7.772051045154754e-06
1.1,1.1,constant+average,617,7.764794727980467e-06
1.1,1.1,constant+average,657,7.757001550371602e-06
1.1,1.1,constant+average,700,7.748682934091763e-06
1.1,1.1,constant+average,745,7.740042206011005e-06
1.1,1.1,constant+average,794,7.730707902991806e-06
1.1,1.1,constant+average,845,7.721074068597302e-06
1.1,1.1,constant+average,900,7.710776534852658e-06
1.1,1.1,constant+average,958,7.700019191717786e-06
1.1,1.1,constant+average,1000,7.692293821279354e-06
1.1,1.1,constant+average,1020,7.688633902928555e-06
1.1,1.1,constant+average,1086,7.676641435614431e-06
1.1,1.1,constant+average,1157,7.663884645035018e-06
1.1,1.1,constant+average,1232,7.650568623443388e-06
1.1,1.1,constant+average,1311,7.636716279026915e-06
1.1,1.1,constant+average,1396,7.622007147362664e-06
1.1,1.1,constant+average,1487,7.606479401819892e-06
1.1,1.1,constant+average,1583,7.590339250154802e-06
1.1,1.1,constant+average,1686,7.573290645113124e-06
1.1,1.1,constant+average,1795,7.555544031149494e-06
1.1,1.1,constant+average,1911,7.536982297929655e-06
1.1,1.1,constant+average,2000,7.522962180066958e-06
1.1,1.1,constant+average,2035,7.517500265423575e-06
1.1,1.1,constant+average,2167,7.497157910624833e-06
1.1,1.1,constant+average,2307,7.476015749594029e-06
1.1,1.1,constant+average,2457,7.453841951012489e-06
1.1,1.1,constant+average,2616,7.43085954655141e-06
1.1,1.1,constant+average,2785,7.406999054380451e-06
1.1,1.1,constant+average,2966,7.382067887913865e-06
1.1,1.1,constant+average,3000,7.377454560776222e-06
1.1,1.1,constant+average,3158,7.3562980805909105e-06
1.1,1.1,constant+average,3363,7.32951959630493e-06
1.1,1.1,constant+average,3581,7.301839879268336e-06
1.1,1.1,constant+average,3813,7.2732425427565525e-06
1.1,1.1,constant+average,4060,7.24372297816072e-06
1.1,1.1,constant+average,4323,7.213287804418336e-06
1.1,1.1,constant+average,4603,7.181954174803825e-06
1.1,1.1,constant+average,4901,7.149748949120014e-06
1.1,1.1,constant+average,5000,7.139298888123135e-06
1.1,1.1,constant+average,5218,7.1167077460841645e-06
1.1,1.1,constant+average,5556,7.0827753972850145e-06
1.1,1.1,constant+average,5916,7.04801325895337e-06
1.1,1.1,constant+average,6300,7.012397028301748e-06
1.1,1.1,constant+average,6708,6.97609556550594e-06
1.1,1.1,constant+average,7142,6.9390983796373325e-06
1.1,1.1,constant+average,7605,6.9013310886036105e-06
1.1,1.1,constant+average,8000,6.870399962525704e-06
1.1,1.1,constant+average,8098,6.862900033700376e-06
1.1,1.1,constant+average,8622,6.823909167443969e-06
1.1,1.1,constant+average,9181,6.784251082543286e-06
1.1,1.1,constant+average,9776,6.7440515428136405e-06
1.1,1.1,constant+average,10000,6.729418792448699e-06
1.1,1.1,constant+average,10409,6.703366455303885e-06
1.1,1.1,constant+average,11083,6.662196777319498e-06
1.1,1.1,constant+average,11801,6.6205585905054005e-06
1.1,1.1,constant+average,12566,6.578480579516294e-06
1.1,1.1,constant+average,13380,6.536052364864297e-06
1.1,1.1,constant+average,14247,6.493264621312823e-06
1.1,1.1,constant+average,15170,6.450170415706201e-06
1.1,1.1,constant+average,16153,6.40678393101306e-06
1.1,1.1,constant+average,17199,6.363171787815423e-06
1.1,1.1,constant+average,18314,6.3192861414649315e-06
1.1,1.1,constant+average,19500,6.275248521577297e-06
1.1,1.1,constant+average,20000,6.257430138797138e-06
1.1,1.1,constant+average,20763,6.2310323053722285e-06
1.1,1.1,constant+average,22109,6.186630447934639e-06
1.1,1.1,constant+average,23541,6.142142357505633e-06
1.1,1.1,constant+average,25066,6.097545409691304e-06
1.1,1.1,constant+average,26690,6.052861962068586e-06
1.1,1.1,constant+average,28419,6.008122753325709e-06
1.1,1.1,constant+average,30260,5.963341032799476e-06
1.1,1.1,constant+average,32221,5.91851771563189e-06
1.1,1.1,constant+average,34308,5.873708072615326e-06
1.1,1.1,constant+average,36531,5.828888876088761e-06
1.1,1.1,constant+average,38897,5.7841096858046564e-06
1.1,1.1,constant+average,41417,5.739351812095167e-06
1.1,1.1,constant+average,44101,5.694629137757414e-06
1.1,1.1,constant+average,46958,5.649979634867763e-06
1.1,1.1,constant+average,50000,5.605401452100437e-06
1.1,1.1,1/sqrt(t)+average,100,7.978259656466754e-06
1.1,1.1,1/sqrt(t)+average,106,7.977750030573153e-06
1.1,1.1,1/sqrt(t)+average,113,7.977093820865717e-06
1.1,1.1,1/sqrt(t)+average,121,7.976275516992604e-06
1.1,1.1,1/sqrt(t)+average,129,7.97539655947357e-06
1.1,1.1,1/sqrt(t)+average,137,7.974467272340123e-06
1.1,1.1,1/sqrt(t)+average,146,7.973372022215235e-06
1.1,1.1,1/sqrt(t)+average,155,7.972233273751584e-06
1.1,1.1,1/sqrt(t)+average,165,7.970926409149814e-06
1.1,1.1,1/sqrt(t)+average,176,7.96944815735318e-06
1.1,1.1,1/sqrt(t)+average,187,7.967936111642917e-06
1.1,1.1,1/sqrt(t)+average,199,7.966256619363573e-06
1.1,1.1,1/sqrt(t)+average,212,7.964410329400507e-06
1.1,1.1,1/sqrt(t)+average,226,7.962399245647406e-06
1.1,1.1,1/sqrt(t)+average,241,7.960226517919674e-06
1.1,1.1,1/sqrt(t)+average,256,7.958042124821881e-06
1.1,1.1,1/sqrt(t)+average,273,7.955559332063173e-06
1.1,1.1,1/sqrt(t)+average,291,7.95292880130339e-06
1.1,1.1,1/sqrt(t)+average,310,7.950156289185488e-06
1.1,1.1,1/sqrt(t)+average,330,7.94724778730577e-06
1.1,1.1,1/sqrt(t)+average,351,7.944209405558493e-06
1.1,1.1,1/sqrt(t)+average,374,7.940904104650399e-06
1.1,1.1,1/sqrt(t)+average,398,7.937483630105885e-06
1.1,1.1,1/sqrt(t)+average,424,7.933813966630653e-06
1.1,1.1,1/sqrt(t)+average,451,7.930044840252088e-06
1.1,1.1,1/sqrt(t)+average,480,7.926045376081647e-06
1.1,1.1,1/sqrt(t)+average,511,7.921826917235357e-06
1.1,1.1,1/sqrt(t)+average,545,7.917267901488512e-06
1.1,1.1,1/sqrt(t)+average,580,7.912648132147398e-06
1.1,1.1,1/sqrt(t)+average,617,7.907843889229342e-06
1.1,1.1,1/sqrt(t)+average,657,7.902739824423993e-06
1.1,1.1,1/sqrt(t)+average,700,7.89735375543864e-06
1.1,1.1,1/sqrt(t)+average,745,7.891825035217834e-06
1.1,1.1,1/sqrt(t)+average,794,7.885925277026681e-06
1.1,1.1,1/sqrt(t)+average,845,7.879912165334928e-06
1.1,1.1,1/sqrt(t)+average,900,7.873566194227313e-06
1.1,1.1,1/sqrt(t)+average,958,7.867022207432368e-06
1.1,1.1,1/sqrt(t)+average,1000,7.862373881042168e-06
1.1,1.1,1/sqrt(t)+average,1020,7.86018611126327e-06
1.1,1.1,1/sqrt(t)+average,1086,7.853079693231424e-06
1.1,1.1,1/sqrt(t)+average,1157,7.845620051691647e-06
1.1,1.1,1/sqrt(t)+average,1232,7.837936028316737e-06
1.1,1.1,1/sqrt(t)+average,1311,7.830046364149836e-06
1.1,1.1,1/sqrt(t)+average,1396,7.821776601340818e-06
1.1,1.1,1/sqrt(t)+average,1487,7.813158456164002e-06
1.1,1.1,1/sqrt(t)+average,1583,7.804313019911532e-06
1.1,1.1,1/sqrt(t)+average,1686,7.795084606199424e-06
1.1,1.1,1/sqrt(t)+average,1795,7.785593564850077e-06
1.1,1.1,1/sqrt(t)+average,1911,7.775781711977287e-06
1.1,1.1,1/sqrt(t)+average,2000,7.76844239338867e-06
1.1,1.1,1/sqrt(t)+average,2035,7.765598869694894e-06
1.1,1.1,1/sqrt(t)+average,2167,7.755081013485025e-06
1.1,1.1,1/sqrt(t)+average,2307,7.744261859239417e-06
1.1,1.1,1/sqrt(t)+average,2457,7.733025321866246e-06
1.1,1.1,1/sqrt(t)+average,2616,7.72148580941255e-06
1.1,1.1,1/sqrt(t)+average,2785,7.709607508862288e-06
1.1,1.1,1/sqrt(t)+average,2966,7.697294033834535e-06
1.1,1.1,1/sqrt(t)+average,3000,7.69502544991471e-06
1.1,1.1,1/sqrt(t)+average,3158,7.684657930497672e-06
1.1,1.1,1/sqrt(t)+average,3363,7.671612078539413e-06
1.1,1.1,1/sqrt(t)+average,3581,7.658204119762178e-06
1.1,1.1,1/sqrt(t)+average,3813,7.644419750188851e-06
1.1,1.1,1/sqrt(t)+average,4060,7.630249245203496e-06
1.1,1.1,1/sqrt(t)+average,4323,7.615687062208587e-06
1.1,1.1,1/sqrt(t)+average,4603,7.600731450815639e-06
1.1,1.1,1/sqrt(t)+average,4901,7.585384071783488e-06
1.1,1.1,1/sqrt(t)+average,5000,7.5804070980423165e-06
1.1,1.1,1/sqrt(t)+average,5218,7.569649626744879e-06
1.1,1.1,1/sqrt(t)+average,5556,7.553488572082151e-06
1.1,1.1,1/sqrt(t)+average,5916,7.536915892164157e-06
1.1,1.1,1/sqrt(t)+average,6300,7.519904848720754e-06
1.1,1.1,1/sqrt(t)+average,6708,7.502520367115417e-06
1.1,1.1,1/sqrt(t)+average,7142,7.4847413999598235e-06
1.1,1.1,1/sqrt(t)+average,7605,7.466515462804965e-06
1.1,1.1,1/sqrt(t)+average,8000,7.451522056404943e-06
1.1,1.1,1/sqrt(t)+average,8098,7.447876764358691e-06
1.1,1.1,1/sqrt(t)+average,8622,7.42885905298106e-06
1.1,1.1,1/sqrt(t)+average,9181,7.409393071767226e-06
1.1,1.1,1/sqrt(t)+average,9776,7.389523676565224e-06
1.1,1.1,1/sqrt(t)+average,10000,7.382254695725055e-06
1.1,1.1,1/sqrt(t)+average,10409,7.369262571222118e-06
1.1,1.1,1/sqrt(t)+average,11083,7.348594781677052e-06
1.1,1.1,1/sqrt(t)+average,11801,7.327513263184646e-06
1.1,1.1,1/sqrt(t)+average,12566,7.306017993254527e-06
1.1,1.1,1/sqrt(t)+average,13380,7.28414138980418e-06
1.1,1.1,1/sqrt(t)+average,14247,7.261866310486381e-06
1.1,1.1,1/sqrt(t)+average,15170,7.239208897808738e-06
1.1,1.1,1/sqrt(t)+average,16153,7.216166211137787e-06
1.1,1.1,1/sqrt(t)+average,17199,7.192764503749668e-06
1.1,1.1,1/sqrt(t)+average,18314,7.1689697788886356e-06
1.1,1.1,1/sqrt(t)+average,19500,7.144840918881572e-06
1.1,1.1,1/sqrt(t)+average,20000,7.135005683113792e-06
1.1,1.1,1/sqrt(t)+average,20763,7.12035786130208e-06
1.1,1.1,1/sqrt(t)+average,22109,7.095511684589552e-06
1.1,1.1,1/sqrt(t)+average,23541,7.070354571018856e-06
1.1,1.1,1/sqrt(t)+average,25066,7.044871743394754e-06
1.1,1.1,1/sqrt(t)+average,26690,7.019074778792137e-06
1.1,1.1,1/sqrt(t)+average,28419,6.992981483125173e-06
1.1,1.1,1/sqrt(t)+average,30260,6.966600810264255e-06
1.1,1.1,1/sqrt(t)+average,32221,6.939935412793162e-06
1.1,1.1,1/sqrt(t)+average,34308,6.913021511450151e-06
1.1,1.1,1/sqrt(t)+average,36531,6.885849479149259e-06
1.1,1.1,1/sqrt(t)+average,38897,6.858454576979746e-06
1.1,1.1,1/sqrt(t)+average,41417,6.8308314751363865e-06
1.1,1.1,1/sqrt(t)+average,44101,6.802995398437567e-06
1.1,1.1,1/sqrt(t)+average,46958,6.774977592238926e-06
1.1,1.1,1/sqrt(t)+average,50000,6.746785272103167e-06
1.1,2.2,constant+average,100,0.010789726562679059
1.1,2.2,constant+average,106,0.010199670067538165
1.1,2.2,constant+average,113,0.009587176792592295
1.1,2.2,constant+average,121,0.008970699138799233
1.1,2.2,constant+average,129,0.008428084536302833
1.1,2.2,constant+average,137,0.007946893017131054
1.1,2.2,constant+average,146,0.007466847913537977
1.1,2.2,constant+average,155,0.007041175557978345
1.1,2.2,constant+average,165,0.0066214828955243185
1.1,2.2,constant+average,176,0.006213858856450339
1.1,2.2,constant+average,187,0.005853403210674654
1.1,2.2,constant+average,199,0.005504993268062006
1.1,2.2,constant+average,212,0.005171542740676141
1.1,2.2,constant+average,226,0.004854941799858096
1.1,2.2,constant+average,241,0.004556249068225327
1.1,2.2,constant+average,256,0.0042923735409266025
1.1,2.2,constant+average,273,0.004028247595045455
1.1,2.2,constant+average,291,0.0037821624296665887
1.1,2.2,constant+average,310,0.003553405529890424
1.1,2.2,constant+average,330,0.003341106627012798
1.1,2.2,constant+average,351,0.0031443046088396025
1.1,2.2,constant+average,374,0.002954222905542231
1.1,2.2,constant+average,398,0.0027794258118068746
1.1,2.2,constant+average,424,0.0026125394674131517
1.1,2.2,constant+average,451,0.0024597566305275065
1.1,2.2,constant+average,480,0.002314967758585961
1.1,2.2,constant+average,511,0.0021785415047223737
1.1,2.2,constant+average,545,0.0020469458805018885
1.1,2.2,constant+average,580,0.0019277784905564186
1.1,2.2,constant+average,617,0.0018166805534279463
1.1,2.2,constant+average,657,0.001710831535868316
1.1,2.2,constant+average,700,0.0016107174711797588
1.1,2.2,constant+average,745,0.0015184966102814957
1.1,2.2,constant+average,794,0.001430140252173464
1.1,2.2,constant+average,845,0.0013492249912928074
1.1,2.2,constant+average,900,0.0012724005703190048
1.1,2.2,constant+average,958,0.0012010939054594352
1.1,2.2,constant+average,1000,0.0011547065660449645
1.1,2.2,constant+average,1020,0.0011339829055163604
1.1,2.2,constant+average,1086,0.001071101725331559
1.1,2.2,constant+average,1157,0.001011600979682458
1.1,2.2,constant+average,1232,0.0009563229160199298
1.1,2.2,constant+average,1311,0.0009050534481468996
1.1,2.2,constant+average,1396,0.0008564820886756851
1.1,2.2,constant+average,1487,0.0008107429201749731
1.1,2.2,constant+average,1583,0.0007682889106667487
1.1,2.2,constant+average,1686,0.0007282079091554983
1.1,2.2,constant+average,1795,0.0006908871772297102
1.1,2.2,constant+average,1911,0.0006559251264333049
1.1,2.2,constant+average,2000,0.0006318968328390376
1.1,2.2,constant+average,2035,0.0006230331836344792
1.1,2.2,constant+average,2167,0.000592223586618886
1.1,2.2,constant+average,2307,0.0005634615310581766
1.1,2.2,constant+average,2457,0.0005363395918042929
1.1,2.2,constant+average,2616,0.0005110381840618127
1.1,2.2,constant+average,2785,0.0004873597007873178
1.1,2.2,constant+average,2966,0.00046503515888728997
1.1,2.2,constant+average,3000,0.0004611464405624766
1.1,2.2,constant+average,3158,0.0004441891151467314
1.1,2.2,constant+average,3363,0.0004245931624032934
1.1,2.2,constant+average,3581,0.0004062461190341103
1.1,2.2,constant+average,3813,0.00038905137483779374
1.1,2.2,constant+average,4060,0.00037292734113673925
1.1,2.2,constant+average,4323,0.00035780351257482743
1.1,2.2,constant+average,4603,0.00034361756245284146
1.1,2.2,constant+average,4901,0.0003303132274577663
1.1,2.2,constant+average,5000,0.0003262465666124403
1.1,2.2,constant+average,5218,0.00031783879325375996
1.1,2.2,constant+average,5556,0.00030611345617465746
1.1,2.2,constant+average,5916,0.00029510328909687633
1.1,2.2,constant+average,6300,0.0002847485415996977
1.1,2.2,constant+average,6708,0.0002750458251166695
1.1,2.2,constant+average,7142,0.00026593969003121725
1.1,2.2,constant+average,7605,0.0002573670029789878
1.1,2.2,constant+average,8000,0.0002508336126865827
1.1,2.2,constant+average,8098,0.0002493106736903585
1.1,2.2,constant+average,8622,0.00024175025171704022
1.1,2.2,constant+average,9181,0.00023462703211773558
1.1,2.2,constant+average,9776,0.00022792930782984718
1.1,2.2,constant+average,10000,0.00022561135619553915
1.1,2.2,constant+average,10409,0.0002216322458004023
1.1,2.2,constant+average,11083,0.0002157044494983513
1.1,2.2,constant+average,11801,0.00021011968651259329
1.1,2.2,constant+average,12566,0.00020485551979638054
1.1,2.2,constant+average,13380,0.00019989802437094076
1.1,2.2,constant+average,14247,0.00019522254426339216
1.1,2.2,constant+average,15170,0.00019081320436058747
1.1,2.2,constant+average,16153,0.00018665123946550556
1.1,2.2,constant+average,17199,0.0001827240669336674
1.1,2.2,constant+average,18314,0.00017901005002001383
1.1,2.2,constant+average,19500,0.0001755032340391197
1.1,2.2,constant+average,20000,0.0001741428500247179
1.1,2.2,constant+average,20763,0.00017218608694951685
1.1,2.2,constant+average,22109,0.0001690443114640533
1.1,2.2,constant+average,23541,0.00016607186252605126
1.1,2.2,constant+average,25066,0.00016325488050063282
1.1,2.2,constant+average,26690,0.00016058352850080608
1.1,2.2,constant+average,28419,0.00015804911569377333
1.1,2.2,constant+average,30260,0.00015564256931234398
1.1,2.2,constant+average,32221,0.0001533548852895451
1.1,2.2,constant+average,34308,0.0001511803710435986
1.1,2.2,constant+average,36531,0.00014910996797299792
1.1,2.2,constant+average,38897,0.00014713859495043153
1.1,2.2,constant+average,41417,0.0001452585508080147
1.1,2.2,constant+average,44101,0.00014346409915889512
1.1,2.2,constant+average,46958,0.00014175079760544415
1.1,2.2,constant+average,50000,0.00014011297980010782
1.1,2.2,1/sqrt(t)+average,100,0.009548379923012471
1.1,2.2,1/sqrt(t)+average,106,0.00921873993369837
1.1,2.2,1/sqrt(t)+average,113,0.00887059507824434
1.1,2.2,1/sqrt(t)+average,121,0.008513351786340908
1.1,2.2,1/sqrt(t)+average,129,0.008192586884622247
1.1,2.2,1/sqrt(t)+average,137,0.007902625296959164
1.1,2.2,1/sqrt(t)+average,146,0.007607640404336722
1.1,2.2,1/sqrt(t)+average,155,0.007340792740273538
1.1,2.2,1/sqrt(t)+average,165,0.007072326477403466
1.1,2.2,1/sqrt(t)+average,176,0.006805938905957649
1.1,2.2,1/sqrt(t)+average,187,0.006565254535355322
1.1,2.2,1/sqrt(t)+average,199,0.006327562959546508
1.1,2.2,1/sqrt(t)+average,212,0.006094943444579934
1.1,2.2,1/sqrt(t)+average,226,0.005868940539466944
1.1,2.2,1/sqrt(t)+average,241,0.005650644325043264
1.1,2.2,1/sqrt(t)+average,256,0.0054532641797296255
1.1,2.2,1/sqrt(t)+average,273,0.005250996779066913
1.1,2.2,1/sqrt(t)+average,291,0.005057873766095087
1.1,2.2,1/sqrt(t)+average,310,0.004873882115687176
1.1,2.2,1/sqrt(t)+average,330,0.004698875064705595
1.1,2.2,1/sqrt(t)+average,351,0.004532609734560341
1.1,2.2,1/sqrt(t)+average,374,0.004367959154008475
1.1,2.2,1/sqrt(t)+average,398,0.004212663047967205
1.1,2.2,1/sqrt(t)+average,424,0.004060562247801011
1.1,2.2,1/sqrt(t)+average,451,0.003917696478871517
1.1,2.2,1/sqrt(t)+average,480,0.003778786474462781
1.1,2.2,1/sqrt(t)+average,511,0.0036444465748279313
1.1,2.2,1/sqrt(t)+average,545,0.0035113610959795934
1.1,2.2,1/sqrt(t)+average,580,0.003387570999095818
1.1,2.2,1/sqrt(t)+average,617,0.00326907310064126
1.1,2.2,1/sqrt(t)+average,657,0.003153117715213772
1.1,2.2,1/sqrt(t)+average,700,0.0030404202204565205
1.1,2.2,1/sqrt(t)+average,745,0.0029337397361963377
1.1,2.2,1/sqrt(t)+average,794,0.002828684301351375
1.1,2.2,1/sqrt(t)+average,845,0.002729784399819032
1.1,2.2,1/sqrt(t)+average,900,0.00263325904976377
1.1,2.2,1/sqrt(t)+average,958,0.0025411455373807713
1.1,2.2,1/sqrt(t)+average,1000,0.002479801432314583
1.1,2.2,1/sqrt(t)+average,1020,0.002452009553632423
1.1,2.2,1/sqrt(t)+average,1086,0.002366124636523088
1.1,2.2,1/sqrt(t)+average,1157,0.00228253389587373
1.1,2.2,1/sqrt(t)+average,1232,0.0022026459287817638
1.1,2.2,1/sqrt(t)+average,1311,0.0021264375812548556
1.1,2.2,1/sqrt(t)+average,1396,0.0020521746881276225
1.1,2.2,1/sqrt(t)+average,1487,0.001980220364837138
1.1,2.2,1/sqrt(t)+average,1583,0.0019115027855794054
1.1,2.2,1/sqrt(t)+average,1686,0.0018447484467369142
1.1,2.2,1/sqrt(t)+average,1795,0.0017807877097526386
1.1,2.2,1/sqrt(t)+average,1911,0.0017191341469703688
1.1,2.2,1/sqrt(t)+average,2000,0.0016757008450213862
1.1,2.2,1/sqrt(t)+average,2035,0.0016594465346209814
1.1,2.2,1/sqrt(t)+average,2167,0.0016019095271516757
1.1,2.2,1/sqrt(t)+average,2307,0.0015466345582917924
1.1,2.2,1/sqrt(t)+average,2457,0.0014929940415406317
1.1,2.2,1/sqrt(t)+average,2616,0.0014414959878159303
1.1,2.2,1/sqrt(t)+average,2785,0.0013919018930967418
1.1,2.2,1/sqrt(t)+average,2966,0.0013437841912278302
1.1,2.2,1/sqrt(t)+average,3000,0.0013352581858560304
1.1,2.2,1/sqrt(t)+average,3158,0.001297546897110091
1.1,2.2,1/sqrt(t)+average,3363,0.0012528212681017243
1.1,2.2,1/sqrt(t)+average,3581,0.0012097324681167106
1.1,2.2,1/sqrt(t)+average,3813,0.0011681831489376454
1.1,2.2,1/sqrt(t)+average,4060,0.0011280986507243116
1.1,2.2,1/sqrt(t)+average,4323,0.0010894208093396095
1.1,2.2,1/sqrt(t)+average,4603,0.0010521031272199468
1.1,2.2,1/sqrt(t)+average,4901,0.0010161070479826444
1.1,2.2,1/sqrt(t)+average,5000,0.0010048980784698926
1.1,2.2,1/sqrt(t)+average,5218,0.000981399126645201
1.1,2.2,1/sqrt(t)+average,5556,0.0009478544148787332
1.1,2.2,1/sqrt(t)+average,5916,0.0009154704289924425
1.1,2.2,1/sqrt(t)+average,6300,0.000884162432204807
1.1,2.2,1/sqrt(t)+average,6708,0.0008540109023085142
1.1,2.2,1/sqrt(t)+average,7142,0.0008249339797144504
1.1,2.2,1/sqrt(t)+average,7605,0.000796812049924212
1.1,2.2,1/sqrt(t)+average,8000,0.0007748541956705605
1.1,2.2,1/sqrt(t)+average,8098,0.0007696668510672981
1.1,2.2,1/sqrt(t)+average,8622,0.0007435082598878008
1.1,2.2,1/sqrt(t)+average,9181,0.0007182068418039669
1.1,2.2,1/sqrt(t)+average,9776,0.0006937903102403338
1.1,2.2,1/sqrt(t)+average,10000,0.0006851900789168075
1.1,2.2,1/sqrt(t)+average,10409,0.0006702372848681938
1.1,2.2,1/sqrt(t)+average,11083,0.0006474961776746394
1.1,2.2,1/sqrt(t)+average,11801,0.0006255282645669801
1.1,2.2,1/sqrt(t)+average,12566,0.000604304158536888
1.1,2.2,1/sqrt(t)+average,13380,0.0005838250066037331
1.1,2.2,1/sqrt(t)+average,14247,0.0005640440039374518
1.1,2.2,1/sqrt(t)+average,15170,0.0005449461975446944
1.1,2.2,1/sqrt(t)+average,16153,0.0005265002657346382
1.1,2.2,1/sqrt(t)+average,17199,0.0005086983692584629
1.1,2.2,1/sqrt(t)+average,18314,0.0004914876306912983
1.1,2.2,1/sqrt(t)+average,19500,0.000474883712976253
1.1,2.2,1/sqrt(t)+average,20000,0.00046834629162812043
1.1,2.2,1/sqrt(t)+average,20763,0.000458845307496613
1.1,2.2,1/sqrt(t)+average,22109,0.00044334198377512856
1.1,2.2,1/sqrt(t)+average,23541,0.00042838114944274386
1.1,2.2,1/sqrt(t)+average,25066,0.0004139287100943525
1.1,2.2,1/sqrt(t)+average,26690,0.0003999675824952863
1.1,2.2,1/sqrt(t)+average,28419,0.0003864840726123944
1.1,2.2,1/sqrt(t)+average,30260,0.00037345996438486914
1.1,2.2,1/sqrt(t)+average,32221,0.00036087476180654944
1.1,2.2,1/sqrt(t)+average,34308,0.0003487239280072959
1.1,2.2,1/sqrt(t)+average,36531,0.000336982080322084
1.1,2.2,1/sqrt(t)+average,38897,0.00032564409994113505
1.1,2.2,1/sqrt(t)+average,41417,0.0003146879714086125
1.1,2.2,1/sqrt(t)+average,44101,0.00030410100459810156
1.1,2.2,1/sqrt(t)+average,46958,0.0002938765226455102
1.1,2.2,1/sqrt(t)+average,50000,0.0002839990056975305
1.5,1.5,constant+average,100,2.591811098278785e-06
1.5,1.5,constant+average,106,2.5907649469413208e-06
1.5,1.5,constant+average,113,2.5895461010873534e-06
1.5,1.5,constant+average,121,2.5881553230309958e-06
1.5,1.5,constant+average,129,2.586766873195771e-06
1.5,1.5,constant+average,137,2.5853807452676728e-06
1.5,1.5,constant+average,146,2.5838241191685202e-06
1.5,1.5,constant+average,155,2.582270415585085e-06
1.5,1.5,constant+average,165,2.580547495897458e-06
1.5,1.5,constant+average,176,2.5786564265676735e-06
1.5,1.5,constant+average,187,2.576769682760556e-06
1.5,1.5,constant+average,199,2.5747163332337933e-06
1.5,1.5,constant+average,212,2.572497639850438e-06
1.5,1.5,constant+average,226,2.5701149612858263e-06
1.5,1.5,constant+average,241,2.5675697511184604e-06
1.5,1.5,constant+average,256,2.565032430800623e-06
1.5,1.5,constant+average,273,2.5621662955143553e-06
1.5,1.5,constant+average,291,2.5591425061748645e-06
1.5,1.5,constant+average,310,2.555962874934108e-06
1.5,1.5,constant+average,330,2.552629297517866e-06
1.5,1.5,constant+average,351,2.5491437506292624e-06
1.5,1.5,constant+average,374,2.545343429926671e-06
1.5,1.5,constant+average,398,2.5413969059297665e-06
1.5,1.5,constant+average,424,2.537143281574582e-06
1.5,1.5,constant+average,451,2.5327498514521513e-06
1.5,1.5,constant+average,480,2.5280577758977306e-06
1.5,1.5,constant+average,511,2.523072543026255e-06
1.5,1.5,constant+average,545,2.517640707245307e-06
1.5,1.5,constant+average,580,2.5120879048162397e-06
1.5,1.5,constant+average,617,2.5062601645794196e-06
1.5,1.5,constant+average,657,2.500008369414311e-06
1.5,1.5,constant+average,700,2.4933432161183864e-06
1.5,1.5,constant+average,745,2.4864289270304115e-06
1.5,1.5,constant+average,794,2.4789699302035834e-06
1.5,1.5,constant+average,845,2.4712828319462057e-06
1.5,1.5,constant+average,900,2.463078844115797e-06
1.5,1.5,constant+average,958,2.454522601486619e-06
1.5,1.5,constant+average,1000,2.448386857933252e-06
1.5,1.5,constant+average,1020,2.4454826389515204e-06
1.5,1.5,constant+average,1086,2.4359781665450736e-06
1.5,1.5,constant+average,1157,2.4258878566896025e-06
1.5,1.5,constant+average,1232,2.415377233012411e-06
1.5,1.5,constant+average,1311,2.4044672912981468e-06
1.5,1.5,constant+average,1396,2.3929095228475776e-06
1.5,1.5,constant+average,1487,2.3807388557541163e-06
1.5,1.5,constant+average,1583,2.368121422125075e-06
1.5,1.5,constant+average,1686,2.3548308614574494e-06
1.5,1.5,constant+average,1795,2.341036876485061e-06
1.5,1.5,constant+average,1911,2.326654093855992e-06
1.5,1.5,constant+average,2000,2.3158209938014695e-06
1.5,1.5,constant+average,2035,2.311607822705517e-06
1.5,1.5,constant+average,2167,2.2959517727095414e-06
1.5,1.5,constant+average,2307,2.2797398294106106e-06
1.5,1.5,constant+average,2457,2.262802699790923e-06
1.5,1.5,constant+average,2616,2.2453197205332927e-06
1.5,1.5,constant+average,2785,2.2272467637150364e-06
1.5,1.5,constant+average,2966,2.2084484697323018e-06
1.5,1.5,constant+average,3000,2.204979642588374e-06
1.5,1.5,constant+average,3158,2.1891106431848854e-06
1.5,1.5,constant+average,3363,2.169116763498022e-06
1.5,1.5,constant+average,3581,2.1485590220409387e-06
1.5,1.5,constant+average,3813,2.127437237747519e-06
1.5,1.5,constant+average,4060,2.10576066448098e-06
1.5,1.5,constant+average,4323,2.0835473540637033e-06
1.5,1.5,constant+average,4603,2.060823398542274e-06
1.5,1.5,constant+average,4901,2.0376220635974452e-06
1.5,1.5,constant+average,5000,2.030127536156884e-06
1.5,1.5,constant+average,5218,2.0139828310815674e-06
1.5,1.5,constant+average,5556,1.989880666958434e-06
1.5,1.5,constant+average,5916,1.9653739900313404e-06
1.5,1.5,constant+average,6300,1.940460639558306e-06
1.5,1.5,constant+average,6708,1.9152728678689407e-06
1.5,1.5,constant+average,7142,1.8898164661296224e-06
1.5,1.5,constant+average,7605,1.8640542911600771e-06
1.5,1.5,constant+average,8000,1.8431246498777181e-06
1.5,1.5,constant+average,8098,1.8380728390192906e-06
1.5,1.5,constant+average,8622,1.8119545666192058e-06
1.5,1.5,constant+average,9181,1.7856398171241786e-06
1.5,1.5,constant+average,9776,1.75922419604068e-06
1.5,1.5,constant+average,10000,1.7496735064247809e-06
1.5,1.5,constant+average,10409,1.7327548411573397e-06
1.5,1.5,constant+average,11083,1.706242161831871e-06
1.5,1.5,constant+average,11801,1.679706049156984e-06
1.5,1.5,constant+average,12566,1.653173768432731e-06
1.5,1.5,constant+average,13380,1.6267094892958693e-06
1.5,1.5,constant+average,14247,1.6003140875826953e-06
1.5,1.5,constant+average,15170,1.574026382567182e-06
1.5,1.5,constant+average,16153,1.5478602481563928e-06
1.5,1.5,constant+average,17199,1.5218600762524224e-06
1.5,1.5,constant+average,18314,1.4960011902256593e-06
1.5,1.5,constant+average,19500,1.4703581110434415e-06
1.5,1.5,constant+average,20000,1.4600690229206457e-06
1.5,1.5,constant+average,20763,1.4449170968613477e-06
1.5,1.5,constant+average,22109,1.419676048643045e-06
1.5,1.5,constant+average,23541,1.3946923300579194e-06
1.5,1.5,constant+average,25066,1.3699531669819521e-06
1.5,1.5,constant+average,26690,1.345470786521105e-06
1.5,1.5,constant+average,28419,1.3212612220510586e-06
1.5,1.5,constant+average,30260,1.297330321002e-06
1.5,1.5,constant+average,32221,1.2736770645614801e-06
1.5,1.5,constant+average,34308,1.2503285309340212e-06
1.5,1.5,constant+average,36531,1.2272702166365324e-06
1.5,1.5,constant+average,38897,1.204524989347634e-06
1.5,1.5,constant+average,41417,1.1820804710198084e-06
1.5,1.5,constant+average,44101,1.1599408467810987e-06
1.5,1.5,constant+average,46958,1.1381217097121942e-06
1.5,1.5,constant+average,50000,1.1166186851553113e-06
1.5,1.5,1/sqrt(t)+average,100,2.8172853051043427e-06
1.5,1.5,1/sqrt(t)+average,106,2.8178282438173906e-06
1.5,1.5,1/sqrt(t)+average,113,2.8182938809696876e-06
1.5,1.5,1/sqrt(t)+average,121,2.8186352475573477e-06
1.5,1.5,1/sqrt(t)+average,129,2.81880227944422e-06
1.5,1.5,1/sqrt(t)+average,137,2.818819859729339e-06
1.5,1.5,1/sqrt(t)+average,146,2.8186862918445e-06
1.5,1.5,1/sqrt(t)+average,155,2.8184132231069894e-06
1.5,1.5,1/sqrt(t)+average,165,2.8179699021060746e-06
1.5,1.5,1/sqrt(t)+average,176,2.8173373565088217e-06
1.5,1.5,1/sqrt(t)+average,187,2.8165760427189183e-06
1.5,1.5,1/sqrt(t)+average,199,2.815621380109217e-06
1.5,1.5,1/sqrt(t)+average,212,2.814463999394673e-06
1.5,1.5,1/sqrt(t)+average,226,2.813097865699474e-06
1.5,1.5,1/sqrt(t)+average,241,2.8115199036210894e-06
1.5,1.5,1/sqrt(t)+average,256,2.8098443223771434e-06
1.5,1.5,1/sqrt(t)+average,273,2.8078486705048386e-06
1.5,1.5,1/sqrt(t)+average,291,2.805644777711202e-06
1.5,1.5,1/sqrt(t)+average,310,2.8032374078257817e-06
1.5,1.5,1/sqrt(t)+average,330,2.800632381697576e-06
1.5,1.5,1/sqrt(t)+average,351,2.7978363018145285e-06
1.5,1.5,1/sqrt(t)+average,374,2.7947198614796973e-06
1.5,1.5,1/sqrt(t)+average,398,2.791423924576082e-06
1.5,1.5,1/sqrt(t)+average,424,2.7878184104957666e-06
1.5,1.5,1/sqrt(t)+average,451,2.7840500926361607e-06
1.5,1.5,1/sqrt(t)+average,480,2.7799886634006764e-06
1.5,1.5,1/sqrt(t)+average,511,2.775643656112315e-06
1.5,1.5,1/sqrt(t)+average,545,2.7708862600924123e-06
1.5,1.5,1/sqrt(t)+average,580,2.7660084603714227e-06
1.5,1.5,1/sqrt(t)+average,617,2.760882690327338e-06
1.5,1.5,1/sqrt(t)+average,657,2.7553850491033768e-06
1.5,1.5,1/sqrt(t)+average,700,2.749532915784205e-06
1.5,1.5,1/sqrt(t)+average,745,2.7434785022668296e-06
1.5,1.5,1/sqrt(t)+average,794,2.7369717802825273e-06
1.5,1.5,1/sqrt(t)+average,845,2.7302975744321924e-06
1.5,1.5,1/sqrt(t)+average,900,2.7232136496135592e-06
1.5,1.5,1/sqrt(t)+average,958,2.715871302828282e-06
1.5,1.5,1/sqrt(t)+average,1000,2.7106357703077494e-06
1.5,1.5,1/sqrt(t)+average,1020,2.7081664200818076e-06
1.5,1.5,1/sqrt(t)+average,1086,2.7001247257393005e-06
1.5,1.5,1/sqrt(t)+average,1157,2.6916535562184753e-06
1.5,1.5,1/sqrt(t)+average,1232,2.6829009690949378e-06
1.5,1.5,1/sqrt(t)+average,1311,2.6738910309246904e-06
1.5,1.5,1/sqrt(t)+average,1396,2.664426756472545e-06
1.5,1.5,1/sqrt(t)+average,1487,2.6545465040525612e-06
1.5,1.5,1/sqrt(t)+average,1583,2.6443919544409445e-06
1.5,1.5,1/sqrt(t)+average,1686,2.6337874493049515e-06
1.5,1.5,1/sqrt(t)+average,1795,2.62287453691836e-06
1.5,1.5,1/sqrt(t)+average,1911,2.611589911687431e-06
1.5,1.5,1/sqrt(t)+average,2000,2.603149384986669e-06
1.5,1.5,1/sqrt(t)+average,2035,2.599879676569628e-06
1.5,1.5,1/sqrt(t)+average,2167,2.5877893324121847e-06
1.5,1.5,1/sqrt(t)+average,2307,2.575361994742785e-06
1.5,1.5,1/sqrt(t)+average,2457,2.5624690820419988e-06
1.5,1.5,1/sqrt(t)+average,2616,2.5492469117317595e-06
1.5,1.5,1/sqrt(t)+average,2785,2.5356595809594207e-06
1.5,1.5,1/sqrt(t)+average,2966,2.5216026349529825e-06
1.5,1.5,1/sqrt(t)+average,3000,2.5190162326916396e-06
1.5,1.5,1/sqrt(t)+average,3158,2.507210602789507e-06
1.5,1.5,1/sqrt(t)+average,3363,2.4923905208592658e-06
1.5,1.5,1/sqrt(t)+average,3581,2.477203227011227e-06
1.5,1.5,1/sqrt(t)+average,3813,2.4616393643390765e-06
1.5,1.5,1/sqrt(t)+average,4060,2.4456952018875275e-06
1.5,1.5,1/sqrt(t)+average,4323,2.4293721268706367e-06
1.5,1.5,1/sqrt(t)+average,4603,2.412676134616896e-06
1.5,1.5,1/sqrt(t)+average,4901,2.39561732047178e-06
1.5,1.5,1/sqrt(t)+average,5000,2.390101999487016e-06
1.5,1.5,1/sqrt(t)+average,5218,2.3782093786618308e-06
1.5,1.5,1/sqrt(t)+average,5556,2.3604175806023536e-06
1.5,1.5,1/sqrt(t)+average,5916,2.3422679380645583e-06
1.5,1.5,1/sqrt(t)+average,6300,2.3237410958649244e-06
1.5,1.5,1/sqrt(t)+average,6708,2.304917625742801e-06
1.5,1.5,1/sqrt(t)+average,7142,2.2857844352732395e-06
1.5,1.5,1/sqrt(t)+average,7605,2.2662957217717544e-06
1.5,1.5,1/sqrt(t)+average,8000,2.2503602204688893e-06
1.5,1.5,1/sqrt(t)+average,8098,2.2464992073828045e-06
1.5,1.5,1/sqrt(t)+average,8622,2.2264414040049855e-06
1.5,1.5,1/sqrt(t)+average,9181,2.206060570365388e-06
1.5,1.5,1/sqrt(t)+average,9776,2.185415495402701e-06
1.5,1.5,1/sqrt(t)+average,10000,2.1779030003068904e-06
1.5,1.5,1/sqrt(t)+average,10409,2.164529719923535e-06
1.5,1.5,1/sqrt(t)+average,11083,2.1433994290417655e-06
1.5,1.5,1/sqrt(t)+average,11801,2.1220295190352643e-06
1.5,1.5,1/sqrt(t)+average,12566,2.100432357622067e-06
1.5,1.5,1/sqrt(t)+average,13380,2.0786526512631185e-06
1.5,1.5,1/sqrt(t)+average,14247,2.056685414900337e-06
1.5,1.5,1/sqrt(t)+average,15170,2.0345587990746114e-06
1.5,1.5,1/sqrt(t)+average,16153,2.0122820960322483e-06
1.5,1.5,1/sqrt(t)+average,17199,1.9898926039391234e-06
1.5,1.5,1/sqrt(t)+average,18314,1.9673699141234346e-06
1.5,1.5,1/sqrt(t)+average,19500,1.9447815552999396e-06
1.5,1.5,1/sqrt(t)+average,20000,1.9356467429610627e-06
1.5,1.5,1/sqrt(t)+average,20763,1.9221199694881803e-06
1.5,1.5,1/sqrt(t)+average,22109,1.899388593517452e-06
1.5,1.5,1/sqrt(t)+average,23541,1.8766461585417425e-06
1.5,1.5,1/sqrt(t)+average,25066,1.8538896477752128e-06
1.5,1.5,1/sqrt(t)+average,26690,1.8311397286184154e-06
1.5,1.5,1/sqrt(t)+average,28419,1.8084218546853193e-06
1.5,1.5,1/sqrt(t)+average,30260,1.7857530063691305e-06
1.5,1.5,1/sqrt(t)+average,32221,1.7631443110833095e-06
1.5,1.5,1/sqrt(t)+average,34308,1.7406344955540745e-06
1.5,1.5,1/sqrt(t)+average,36531,1.7182228754250665e-06
1.5,1.5,1/sqrt(t)+average,38897,1.695945242848897e-06
1.5,1.5,1/sqrt(t)+average,41417,1.6738032154863833e-06
1.5,1.5,1/sqrt(t)+average,44101,1.6518145201078482e-06
1.5,1.5,1/sqrt(t)+average,46958,1.6300082748168422e-06
1.5,1.5,1/sqrt(t)+average,50000,1.6083935682898374e-06
1.5,3.0,constant+average,100,0.004953218969790509
1.5,3.0,constant+average,106,0.004624211384052986
1.5,3.0,constant+average,113,0.00428826730177922
1.5,3.0,constant+average,121,0.003956020382991652
1.5,3.0,constant+average,129,0.003668603669834432
1.5,3.0,constant+average,137,0.0034177704422095074
1.5,3.0,constant+average,146,0.0031714376660073726
1.5,3.0,constant+average,155,0.002956362508333007
1.5,3.0,constant+average,165,0.0027474912955693536
1.5,3.0,constant+average,176,0.002547745681411561
1.5,3.0,constant+average,187,0.002373756436549872
1.5,3.0,constant+average,199,0.002208015795588566
1.5,3.0,constant+average,212,0.0020517062181174936
1.5,3.0,constant+average,226,0.0019054619836867282
1.5,3.0,constant+average,241,0.001769492863989792
1.5,3.0,constant+average,256,0.0016510476803015062
1.5,3.0,constant+average,273,0.0015341192764688288
1.5,3.0,constant+average,291,0.0014266967137194927
1.5,3.0,constant+average,310,0.0013282007272067617
1.5,3.0,constant+average,330,0.0012380080331352873
1.5,3.0,constant+average,351,0.0011554829004735581
1.5,3.0,constant+average,374,0.0010768012047843575
1.5,3.0,constant+average,398,0.0010053672044080114
1.5,3.0,constant+average,424,0.0009380185263235077
1.5,3.0,constant+average,451,0.0008771169124911032
1.5,3.0,constant+average,480,0.0008200910294613229
1.5,3.0,constant+average,511,0.0007669930142751328
1.5,3.0,constant+average,545,0.0007163774624579732
1.5,3.0,constant+average,580,0.0006710689474359181
1.5,3.0,constant+average,617,0.000629293470266903
1.5,3.0,constant+average,657,0.0005899214240641255
1.5,3.0,constant+average,700,0.0005530793832249139
1.5,3.0,constant+average,745,0.0005194925753486388
1.5,3.0,constant+average,794,0.0004876364967426927
1.5,3.0,constant+average,845,0.00045874717205703595
1.5,3.0,constant+average,900,0.00043157488240155964
1.5,3.0,constant+average,958,0.00040658181580024457
1.5,3.0,constant+average,1000,0.0003904423043055536
1.5,3.0,constant+average,1020,0.0003832625974709834
1.5,3.0,constant+average,1086,0.00036159413062459965
1.5,3.0,constant+average,1157,0.0003412531143846218
1.5,3.0,constant+average,1232,0.00032249786058036526
1.5,3.0,constant+average,1311,0.00030522493722155567
1.5,3.0,constant+average,1396,0.00028896875733080984
1.5,3.0,constant+average,1487,0.0002737549290138461
1.5,3.0,constant+average,1583,0.0002597139200054265
1.5,3.0,constant+average,1686,0.00024652616515515507
1.5,3.0,constant+average,1795,0.0002343036119658654
1.5,3.0,constant+average,1911,0.00022290029140409343
1.5,3.0,constant+average,2000,0.0002150874251145862
1.5,3.0,constant+average,2035,0.00021221002712430451
1.5,3.0,constant+average,2167,0.00020222612061395354
1.5,3.0,constant+average,2307,0.00019292759291800378
1.5,3.0,constant+average,2457,0.00018417445634382945
1.5,3.0,constant+average,2616,0.00017601777607158386
1.5,3.0,constant+average,2785,0.00016838760541863307
1.5,3.0,constant+average,2966,0.00016119202054733274
1.5,3.0,constant+average,3000,0.00015993806696942717
1.5,3.0,constant+average,3158,0.00015446675534054897
1.5,3.0,constant+average,3363,0.00014813448393985636
1.5,3.0,constant+average,3581,0.0001421918623445874
1.5,3.0,constant+average,3813,0.0001366053425504128
1.5,3.0,constant+average,4060,0.00013134671696647757
1.5,3.0,constant+average,4323,0.00012639180049282933
1.5,3.0,constant+average,4603,0.00012171945613574473
1.5,3.0,constant+average,4901,0.00011731087953166358
1.5,3.0,constant+average,5000,0.00011595738305340569
1.5,3.0,constant+average,5218,0.0001131490782162823
1.5,3.0,constant+average,5556,0.000109207500684537
1.5,3.0,constant+average,5916,0.00010547540007868824
1.5,3.0,constant+average,6300,0.0001019334423140916
1.5,3.0,constant+average,6708,9.858175325557588e-05
1.5,3.0,constant+average,7142,9.540281444372572e-05
1.5,3.0,constant+average,7605,9.237619811270612e-05
1.5,3.0,constant+average,8000,9.004451714124261e-05
1.5,3.0,constant+average,8098,8.949760062588928e-05
1.5,3.0,constant+average,8622,8.676178545467598e-05
1.5,3.0,constant+average,9181,8.414960280353897e-05
1.5,3.0,constant+average,9776,8.165888286246128e-05
1.5,3.0,constant+average,10000,8.078831854910661e-05
1.5,3.0,constant+average,10409,7.928275168214213e-05
1.5,3.0,constant+average,11083,7.701177085698431e-05
1.5,3.0,constant+average,11801,7.48382858020957e-05
1.5,3.0,constant+average,12566,7.275597677757473e-05
1.5,3.0,constant+average,13380,7.076184384177714e-05
1.5,3.0,constant+average,14247,6.884851667695438e-05
1.5,3.0,constant+average,15170,6.701203057441491e-05
1.5,3.0,constant+average,16153,6.524711081584456e-05
1.5,3.0,constant+average,17199,6.35509773591054e-05
1.5,3.0,constant+average,18314,6.19167874535401e-05
1.5,3.0,constant+average,19500,6.034441989987058e-05
1.5,3.0,constant+average,20000,5.972623760529746e-05
1.5,3.0,constant+average,20763,5.88285302517845e-05
1.5,3.0,constant+average,22109,5.736498488510161e-05
1.5,3.0,constant+average,23541,5.595337423826475e-05
1.5,3.0,constant+average,25066,5.458951089745963e-05
1.5,3.0,constant+average,26690,5.3270939849891384e-05
1.5,3.0,constant+average,28419,5.1995640874871536e-05
1.5,3.0,constant+average,30260,5.076127024211523e-05
1.5,3.0,constant+average,32221,4.956535877548887e-05
1.5,3.0,constant+average,34308,4.840703875857025e-05
1.5,3.0,constant+average,36531,4.728353364163011e-05
1.5,3.0,constant+average,38897,4.619406902380244e-05
1.5,3.0,constant+average,41417,4.513631098669429e-05
1.5,3.0,constant+average,44101,4.41088701198885e-05
1.5,3.0,constant+average,46958,4.3110992964076284e-05
1.5,3.0,constant+average,50000,4.2141110735712655e-05
1.5,3.0,1/sqrt(t)+average,100,0.011318747523198593
1.5,3.0,1/sqrt(t)+average,106,0.010787532066851306
1.5,3.0,1/sqrt(t)+average,113,0.010235579071185504
1.5,3.0,1/sqrt(t)+average,121,0.009679001735737361
1.5,3.0,1/sqrt(t)+average,129,0.009187805384104932
1.5,3.0,1/sqrt(t)+average,137,0.008750812466027593
1.5,3.0,1/sqrt(t)+average,146,0.008313171856288552
1.5,3.0,1/sqrt(t)+average,155,0.007923350254007172
1.5,3.0,1/sqrt(t)+average,165,0.007537045408926661
1.5,3.0,1/sqrt(t)+average,176,0.007159621236486111
1.5,3.0,1/sqrt(t)+average,187,0.006823710385628063
1.5,3.0,1/sqrt(t)+average,199,0.0064967735469792206
1.5,3.0,1/sqrt(t)+average,212,0.006181476583149429
1.5,3.0,1/sqrt(t)+average,226,0.00587961344052461
1.5,3.0,1/sqrt(t)+average,241,0.005592268544855273
1.5,3.0,1/sqrt(t)+average,256,0.005336069196326851
1.5,3.0,1/sqrt(t)+average,273,0.005077126971031162
1.5,3.0,1/sqrt(t)+average,291,0.004833332247231839
1.5,3.0,1/sqrt(t)+average,310,0.0046042292054888495
1.5,3.0,1/sqrt(t)+average,330,0.004389214035660728
1.5,3.0,1/sqrt(t)+average,351,0.00418759094578639
1.5,3.0,1/sqrt(t)+average,374,0.003990504752382525
1.5,3.0,1/sqrt(t)+average,398,0.0038069978587788812
1.5,3.0,1/sqrt(t)+average,424,0.0036295380650857817
1.5,3.0,1/sqrt(t)+average,451,0.0034649277177156877
1.5,3.0,1/sqrt(t)+average,480,0.003306828705431751
1.5,3.0,1/sqrt(t)+average,511,0.0031557886733039595
1.5,3.0,1/sqrt(t)+average,545,0.003007985876808042
1.5,3.0,1/sqrt(t)+average,580,0.0028721624992470458
1.5,3.0,1/sqrt(t)+average,617,0.0027436631791571886
1.5,3.0,1/sqrt(t)+average,657,0.0026193792417221248
1.5,3.0,1/sqrt(t)+average,700,0.0024999905039708166
1.5,3.0,1/sqrt(t)+average,745,0.0023882703083668005
1.5,3.0,1/sqrt(t)+average,794,0.002279501565948547
1.5,3.0,1/sqrt(t)+average,845,0.0021782572055740164
1.5,3.0,1/sqrt(t)+average,900,0.0020805378310366444
1.5,3.0,1/sqrt(t)+average,958,0.001988309253017286
1.5,3.0,1/sqrt(t)+average,1000,0.0019274517601016313
1.5,3.0,1/sqrt(t)+average,1020,0.0019000302196530733
1.5,3.0,1/sqrt(t)+average,1086,0.0018158870858992582
1.5,3.0,1/sqrt(t)+average,1157,0.0017348697700414043
1.5,3.0,1/sqrt(t)+average,1232,0.001658264871512996
1.5,3.0,1/sqrt(t)+average,1311,0.0015859517596459518
1.5,3.0,1/sqrt(t)+average,1396,0.0015162144563928613
1.5,3.0,1/sqrt(t)+average,1487,0.0014493444930740716
1.5,3.0,1/sqrt(t)+average,1583,0.0013861369246821419
1.5,3.0,1/sqrt(t)+average,1686,0.001325358638355729
1.5,3.0,1/sqrt(t)+average,1795,0.001267710978051331
1.5,3.0,1/sqrt(t)+average,1911,0.001212696852764129
1.5,3.0,1/sqrt(t)+average,2000,0.001174273042098121
1.5,3.0,1/sqrt(t)+average,2035,0.0011599649761438078
1.5,3.0,1/sqrt(t)+average,2167,0.001109634246555295
1.5,3.0,1/sqrt(t)+average,2307,0.0010617545727006964
1.5,3.0,1/sqrt(t)+average,2457,0.0010157418824847716
1.5,3.0,1/sqrt(t)+average,2616,0.000971993425012946
1.5,3.0,1/sqrt(t)+average,2785,0.0009302651578232367
1.5,3.0,1/sqrt(t)+average,2966,0.0008901644172507722
1.5,3.0,1/sqrt(t)+average,3000,0.0008830991047307576
1.5,3.0,1/sqrt(t)+average,3158,0.0008519955704211011
1.5,3.0,1/sqrt(t)+average,3363,0.0008154217557119662
1.5,3.0,1/sqrt(t)+average,3581,0.0007805159858170258
1.5,3.0,1/sqrt(t)+average,3813,0.0007471699987688027
1.5,3.0,1/sqrt(t)+average,4060,0.000715296669325023
1.5,3.0,1/sqrt(t)+average,4323,0.000684824236656713
1.5,3.0,1/sqrt(t)+average,4603,0.0006556918970896004
1.5,3.0,1/sqrt(t)+average,4901,0.0006278464783088889
1.5,3.0,1/sqrt(t)+average,5000,0.0006192276001477985
1.5,3.0,1/sqrt(t)+average,5218,0.0006012399709777091
1.5,3.0,1/sqrt(t)+average,5556,0.0005757562625624686
1.5,3.0,1/sqrt(t)+average,5916,0.0005513745761480887
1.5,3.0,1/sqrt(t)+average,6300,0.000528013215751004
1.5,3.0,1/sqrt(t)+average,6708,0.0005057144800759176
1.5,3.0,1/sqrt(t)+average,7142,0.00048440020212953393
1.5,3.0,1/sqrt(t)+average,7605,0.0004639671440295003
1.5,3.0,1/sqrt(t)+average,8000,0.0004481393043293952
1.5,3.0,1/sqrt(t)+average,8098,0.0004444165607133664
1.5,3.0,1/sqrt(t)+average,8622,0.00042574079546878234
1.5,3.0,1/sqrt(t)+average,9181,0.0004078338649445919
1.5,3.0,1/sqrt(t)+average,9776,0.0003907028099630187
1.5,3.0,1/sqrt(t)+average,10000,0.000384704369641786
1.5,3.0,1/sqrt(t)+average,10409,0.0003743200495180121
1.5,3.0,1/sqrt(t)+average,11083,0.0003586378350000246
1.5,3.0,1/sqrt(t)+average,11801,0.00034361844910836184
1.5,3.0,1/sqrt(t)+average,12566,0.0003292314237058628
1.5,3.0,1/sqrt(t)+average,13380,0.0003154674384075754
1.5,3.0,1/sqrt(t)+average,14247,0.0003022853632392965
1.5,3.0,1/sqrt(t)+average,15170,0.00028966611589890885
1.5,3.0,1/sqrt(t)+average,16153,0.0002775802961782876
1.5,3.0,1/sqrt(t)+average,17199,0.00026601441232201113
1.5,3.0,1/sqrt(t)+average,18314,0.00025492627342551947
1.5,3.0,1/sqrt(t)+average,19500,0.0002443184528470104
1.5,3.0,1/sqrt(t)+average,20000,0.00024016640657458603
1.5,3.0,1/sqrt(t)+average,20763,0.0002341572634638863
1.5,3.0,1/sqrt(t)+average,22109,0.00022441671419990333
1.5,3.0,1/sqrt(t)+average,23541,0.00021509493786449474
1.5,3.0,1/sqrt(t)+average,25066,0.00020616438717709534
1.5,3.0,1/sqrt(t)+average,26690,0.00019760860526500467
1.5,3.0,1/sqrt(t)+average,28419,0.00018941354004748084
1.5,3.0,1/sqrt(t)+average,30260,0.0001815627062333174
1.5,3.0,1/sqrt(t)+average,32221,0.00017403862833075993
1.5,3.0,1/sqrt(t)+average,34308,0.00016683366127678365
1.5,3.0,1/sqrt(t)+average,36531,0.0001599280429636513
1.5,3.0,1/sqrt(t)+average,38897,0.0001533142745318545
1.5,3.0,1/sqrt(t)+average,41417,0.00014697522094937835
1.5,3.0,1/sqrt(t)+average,44101,0.0001408994936533135
1.5,3.0,1/sqrt(t)+average,46958,0.00013507935006956643
1.5,3.0,1/sqrt(t)+average,50000,0.00012950219897276373
1.9,1.9,constant+average,100,1.7334206505032055e-06
1.9,1.9,constant+average,106,1.7324586103482776e-06
1.9,1.9,constant+average,113,1.7313378951341459e-06
1.9,1.9,constant+average,121,1.7300592672818912e-06
1.9,1.9,constant+average,129,1.7287829682509518e-06
1.9,1.9,constant+average,137,1.7275089913616992e-06
1.9,1.9,constant+average,146,1.7260785350180105e-06
1.9,1.9,constant+average,155,1.7246510005390394e-06
1.9,1.9,constant+average,165,1.723068267388861e-06
1.9,1.9,constant+average,176,1.7213314008415987e-06
1.9,1.9,constant+average,187,1.7195988564573346e-06
1.9,1.9,constant+average,199,1.7177137196515403e-06
1.9,1.9,constant+average,212,1.7156772497968154e-06
1.9,1.9,constant+average,226,1.7134908023772012e-06
1.9,1.9,constant+average,241,1.71115582696911e-06
1.9,1.9,constant+average,256,1.708828726064055e-06
1.9,1.9,constant+average,273,1.7062008183355664e-06
1.9,1.9,constant+average,291,1.7034292423811526e-06
1.9,1.9,constant+average,310,1.700515801928289e-06
1.9,1.9,constant+average,330,1.6974623828421563e-06
1.9,1.9,constant+average,351,1.6942709503926462e-06
1.9,1.9,constant+average,374,1.6907926880902242e-06
1.9,1.9,constant+average,398,1.6871821433770273e-06
1.9,1.9,constant+average,424,1.6832923939031498e-06
1.9,1.9,constant+average,451,1.679276711055122e-06
1.9,1.9,constant+average,480,1.6749902131119748e-06
1.9,1.9,constant+average,511,1.670438342048124e-06
1.9,1.9,constant+average,545,1.6654815671864636e-06
1.9,1.9,constant+average,580,1.6604175170687589e-06
1.9,1.9,constant+average,617,1.6551061254430913e-06
1.9,1.9,constant+average,657,1.6494121339845944e-06
1.9,1.9,constant+average,700,1.6433461111930999e-06
1.9,1.9,constant+average,745,1.6370582179690801e-06
1.9,1.9,constant+average,794,1.630280552830011e-06
1.9,1.9,constant+average,845,1.6233017217106348e-06
1.9,1.9,constant+average,900,1.6158604929294663e-06
1.9,1.9,constant+average,958,1.6081073566972903e-06
1.9,1.9,constant+average,1000,1.6025523275080066e-06
1.9,1.9,constant+average,1020,1.5999243808466658e-06
1.9,1.9,constant+average,1086,1.5913303835379912e-06
1.9,1.9,constant+average,1157,1.5822173442948745e-06
1.9,1.9,constant+average,1232,1.5727364741875445e-06
1.9,1.9,constant+average,1311,1.562908211647289e-06
1.9,1.9,constant+average,1396,1.552510690691859e-06
1.9,1.9,constant+average,1487,1.5415778770783187e-06
1.9,1.9,constant+average,1583,1.5302613031553292e-06
1.9,1.9,constant+average,1686,1.5183605201956941e-06
1.9,1.9,constant+average,1795,1.5060303385623642e-06
1.9,1.9,constant+average,1911,1.4931972733176675e-06
1.9,1.9,constant+average,2000,1.4835473653670514e-06
1.9,1.9,constant+average,2035,1.4797980847482058e-06
1.9,1.9,constant+average,2167,1.4658842730912577e-06
1.9,1.9,constant+average,2307,1.4515073183093263e-06
1.9,1.9,constant+average,2457,1.4365212414557575e-06
1.9,1.9,constant+average,2616,1.4210890855626712e-06
1.9,1.9,constant+average,2785,1.4051760852518177e-06
1.9,1.9,constant+average,2966,1.3886681061117273e-06
1.9,1.9,constant+average,3000,1.3856268257688043e-06
1.9,1.9,constant+average,3158,1.3717334764154392e-06
1.9,1.9,constant+average,3363,1.3542753689462918e-06
1.9,1.9,constant+average,3581,1.336379886159834e-06
1.9,1.9,constant+average,3813,1.3180524176659943e-06
1.9,1.9,constant+average,4060,1.2993068111648343e-06
1.9,1.9,constant+average,4323,1.2801646966687932e-06
1.9,1.9,constant+average,4603,1.2606547019738911e-06
1.9,1.9,constant+average,4901,1.2408115731135742e-06
1.9,1.9,constant+average,5000,1.2344186309209152e-06
1.9,1.9,constant+average,5218,1.2206752191069439e-06
1.9,1.9,constant+average,5556,1.2002307035499343e-06
1.9,1.9,constant+average,5916,1.1795341115018804e-06
1.9,1.9,constant+average,6300,1.1585901630211644e-06
1.9,1.9,constant+average,6708,1.1375161256721715e-06
1.9,1.9,constant+average,7142,1.1163223657763791e-06
1.9,1.9,constant+average,7605,1.0949839182675517e-06
1.9,1.9,constant+average,8000,1.077731272370276e-06
1.9,1.9,constant+average,8098,1.0735783067423355e-06
1.9,1.9,constant+average,8622,1.0521784291308643e-06
1.9,1.9,constant+average,9181,1.0307403762996143e-06
1.9,1.9,constant+average,9776,1.0093468846712743e-06
1.9,1.9,constant+average,10000,1.0016437642610342e-06
1.9,1.9,constant+average,10409,9.880400433514513e-07
1.9,1.9,constant+average,11083,9.668317567549736e-07
1.9,1.9,constant+average,11801,9.457412315130807e-07
1.9,1.9,constant+average,12566,9.247930312326404e-07
1.9,1.9,constant+average,13380,9.040399086577977e-07
1.9,1.9,constant+average,14247,8.834839888580159e-07
1.9,1.9,constant+average,15170,8.631564505315983e-07
1.9,1.9,constant+average,16153,8.430683398553715e-07
1.9,1.9,constant+average,17199,8.232533494393369e-07
1.9,1.9,constant+average,18314,8.036918887187941e-07
1.9,1.9,constant+average,19500,7.84438888468358e-07
1.9,1.9,constant+average,20000,7.767547344747223e-07
1.9,1.9,constant+average,20763,7.654818441168151e-07
1.9,1.9,constant+average,22109,7.468169251663043e-07
1.9,1.9,constant+average,23541,7.284836234430651e-07
1.9,1.9,constant+average,25066,7.104691007599467e-07
1.9,1.9,constant+average,26690,6.927786763635202e-07
1.9,1.9,constant+average,28419,6.754200259992577e-07
1.9,1.9,constant+average,30260,6.583932002773334e-07
1.9,1.9,constant+average,32221,6.416932777537496e-07
1.9,1.9,constant+average,34308,6.253349849742192e-07
1.9,1.9,constant+average,36531,6.09303714565319e-07
1.9,1.9,constant+average,38897,5.936109241183913e-07
1.9,1.9,constant+average,41417,5.782436386600651e-07
1.9,1.9,constant+average,44101,5.632004560068612e-07
1.9,1.9,constant+average,46958,5.484876595335585e-07
1.9,1.9,constant+average,50000,5.340980159947202e-07
1.9,1.9,1/sqrt(t)+average,100,1.8380819622054002e-06
1.9,1.9,1/sqrt(t)+average,106,1.837841700803967e-06
1.9,1.9,1/sqrt(t)+average,113,1.8374953630840115e-06
1.9,1.9,1/sqrt(t)+average,121,1.8370256235337396e-06
1.9,1.9,1/sqrt(t)+average,129,1.8364895306668375e-06
1.9,1.9,1/sqrt(t)+average,137,1.8358976621124865e-06
1.9,1.9,1/sqrt(t)+average,146,1.835175802544508e-06
1.9,1.9,1/sqrt(t)+average,155,1.8344041930844763e-06
1.9,1.9,1/sqrt(t)+average,165,1.833498307323679e-06
1.9,1.9,1/sqrt(t)+average,176,1.832453137342816e-06
1.9,1.9,1/sqrt(t)+average,187,1.8313662716079353e-06
1.9,1.9,1/sqrt(t)+average,199,1.8301421264302053e-06
1.9,1.9,1/sqrt(t)+average,212,1.8287797351594462e-06
1.9,1.9,1/sqrt(t)+average,226,1.8272795304399522e-06
1.9,1.9,1/sqrt(t)+average,241,1.825643149231556e-06
1.9,1.9,1/sqrt(t)+average,256,1.8239844418822645e-06
1.9,1.9,1/sqrt(t)+average,273,1.8220853974505901e-06
1.9,1.9,1/sqrt(t)+average,291,1.8200599664722092e-06
1.9,1.9,1/sqrt(t)+average,310,1.8179126913501039e-06
1.9,1.9,1/sqrt(t)+average,330,1.815648428768399e-06
1.9,1.9,1/sqrt(t)+average,351,1.8132722309201712e-06
1.9,1.9,1/sqrt(t)+average,374,1.8106766079969025e-06
1.9,1.9,1/sqrt(t)+average,398,1.8079805638752927e-06
1.9,1.9,1/sqrt(t)+average,424,1.8050785064388472e-06
1.9,1.9,1/sqrt(t)+average,451,1.8020889767137516e-06
1.9,1.9,1/sqrt(t)+average,480,1.7989084390770178e-06
1.9,1.9,1/sqrt(t)+average,511,1.7955458664044633e-06
1.9,1.9,1/sqrt(t)+average,545,1.7919041450821512e-06
1.9,1.9,1/sqrt(t)+average,580,1.7882070427992497e-06
1.9,1.9,1/sqrt(t)+average,617,1.7843561939856292e-06
1.9,1.9,1/sqrt(t)+average,657,1.7802593516666646e-06
1.9,1.9,1/sqrt(t)+average,700,1.775930965167349e-06
1.9,1.9,1/sqrt(t)+average,745,1.771483476644547e-06
1.9,1.9,1/sqrt(t)+average,794,1.7667335943824943e-06
1.9,1.9,1/sqrt(t)+average,845,1.7618892880354597e-06
1.9,1.9,1/sqrt(t)+average,900,1.7567743341361514e-06
1.9,1.9,1/sqrt(t)+average,958,1.751498028811851e-06
1.9,1.9,1/sqrt(t)+average,1000,1.7477495456815903e-06
1.9,1.9,1/sqrt(t)+average,1020,1.7459852070173753e-06
1.9,1.9,1/sqrt(t)+average,1086,1.7402541866275143e-06
1.9,1.9,1/sqrt(t)+average,1157,1.7342389473914196e-06
1.9,1.9,1/sqrt(t)+average,1232,1.7280442924124614e-06
1.9,1.9,1/sqrt(t)+average,1311,1.7216862513430091e-06
1.9,1.9,1/sqrt(t)+average,1396,1.7150252838131637e-06
1.9,1.9,1/sqrt(t)+average,1487,1.7080881632517553e-06
1.9,1.9,1/sqrt(t)+average,1583,1.7009735603693645e-06
1.9,1.9,1/sqrt(t)+average,1686,1.6935575654181244e-06
1.9,1.9,1/sqrt(t)+average,1795,1.6859383160643562e-06
1.9,1.9,1/sqrt(t)+average,1911,1.6780705331574859e-06
1.9,1.9,1/sqrt(t)+average,2000,1.6721917660938145e-06
1.9,1.9,1/sqrt(t)+average,2035,1.6699156426730849e-06
1.9,1.9,1/sqrt(t)+average,2167,1.6615042367717669e-06
1.9,1.9,1/sqrt(t)+average,2307,1.6528650349857368e-06
1.9,1.9,1/sqrt(t)+average,2457,1.643907346285743e-06
1.9,1.9,1/sqrt(t)+average,2616,1.6347244820936197e-06
1.9,1.9,1/sqrt(t)+average,2785,1.625289981340667e-06
1.9,1.9,1/sqrt(t)+average,2966,1.6155297308474659e-06
1.9,1.9,1/sqrt(t)+average,3000,1.6137338019741834e-06
1.9,1.9,1/sqrt(t)+average,3158,1.6055354587190492e-06
1.9,1.9,1/sqrt(t)+average,3363,1.595240833517625e-06
1.9,1.9,1/sqrt(t)+average,3581,1.5846862472140664e-06
1.9,1.9,1/sqrt(t)+average,3813,1.5738632641989727e-06
1.9,1.9,1/sqrt(t)+average,4060,1.5627672677408485e-06
1.9,1.9,1/sqrt(t)+average,4323,1.5513971146541716e-06
1.9,1.9,1/sqrt(t)+average,4603,1.5397547947393708e-06
1.9,1.9,1/sqrt(t)+average,4901,1.5278450964916771e-06
1.9,1.9,1/sqrt(t)+average,5000,1.5239912135882306e-06
1.9,1.9,1/sqrt(t)+average,5218,1.5156752812379868e-06
1.9,1.9,1/sqrt(t)+average,5556,1.5032186601631758e-06
1.9,1.9,1/sqrt(t)+average,5916,1.4904909373612583e-06
1.9,1.9,1/sqrt(t)+average,6300,1.4774759545230497e-06
1.9,1.9,1/sqrt(t)+average,6708,1.464227763548859e-06
1.9,1.9,1/sqrt(t)+average,7142,1.450734667796676e-06
1.9,1.9,1/sqrt(t)+average,7605,1.4369616950452816e-06
1.9,1.9,1/sqrt(t)+average,8000,1.425677125392678e-06
1.9,1.9,1/sqrt(t)+average,8098,1.4229398339852422e-06
1.9,1.9,1/sqrt(t)+average,8622,1.4086994541049026e-06
1.9,1.9,1/sqrt(t)+average,9181,1.3941940534980226e-06
1.9,1.9,1/sqrt(t)+average,9776,1.3794627465835272e-06
1.9,1.9,1/sqrt(t)+average,10000,1.3740925281861722e-06
1.9,1.9,1/sqrt(t)+average,10409,1.3645197850895673e-06
1.9,1.9,1/sqrt(t)+average,11083,1.3493599180311677e-06
1.9,1.9,1/sqrt(t)+average,11801,1.3339841122687934e-06
1.9,1.9,1/sqrt(t)+average,12566,1.3183987505580957e-06
1.9,1.9,1/sqrt(t)+average,13380,1.302633749764931e-06
1.9,1.9,1/sqrt(t)+average,14247,1.286683288061357e-06
1.9,1.9,1/sqrt(t)+average,15170,1.2705656841199532e-06
1.9,1.9,1/sqrt(t)+average,16153,1.254285739551749e-06
1.9,1.9,1/sqrt(t)+average,17199,1.2378689502401968e-06
1.9,1.9,1/sqrt(t)+average,18314,1.221298702619639e-06
1.9,1.9,1/sqrt(t)+average,19500,1.2046232716354646e-06
1.9,1.9,1/sqrt(t)+average,20000,1.197863362183721e-06
1.9,1.9,1/sqrt(t)+average,20763,1.1878359799767648e-06
1.9,1.9,1/sqrt(t)+average,22109,1.1709383589671358e-06
1.9,1.9,1/sqrt(t)+average,23541,1.1539734080432052e-06
1.9,1.9,1/sqrt(t)+average,25066,1.13693856777502e-06
1.9,1.9,1/sqrt(t)+average,26690,1.119849219616469e-06
1.9,1.9,1/sqrt(t)+average,28419,1.1027247424913306e-06
1.9,1.9,1/sqrt(t)+average,30260,1.0855785449408996e-06
1.9,1.9,1/sqrt(t)+average,32221,1.0684199628330398e-06
1.9,1.9,1/sqrt(t)+average,34308,1.0512797146768046e-06
1.9,1.9,1/sqrt(t)+average,36531,1.0341589817475508e-06
1.9,1.9,1/sqrt(t)+average,38897,1.0170871815248487e-06
1.9,1.9,1/sqrt(t)+average,41417,1.000068018400268e-06
1.9,1.9,1/sqrt(t)+average,44101,9.83117914104147e-07
1.9,1.9,1/sqrt(t)+average,46958,9.662625372019607e-07
1.9,1.9,1/sqrt(t)+average,50000,9.49512527156931e-07
1.9,3.8,constant+average,100,0.004621595358854554
1.9,3.8,constant+average,106,0.0042755059667868335
1.9,3.8,constant+average,113,0.003925118406273582
1.9,3.8,constant+average,121,0.0035817932801109563
1.9,3.8,constant+average,129,0.003287560599353134
1.9,3.8,constant+average,137,0.0030330285890030127
1.9,3.8,constant+average,146,0.00278524451242463
1.9,3.8,constant+average,155,0.002570787058877653
1.9,3.8,constant+average,165,0.002364310544114898
1.9,3.8,constant+average,176,0.002168621397001921
1.9,3.8,constant+average,187,0.0019996697145870128
1.9,3.8,constant+average,199,0.001840121020618622
1.9,3.8,constant+average,212,0.0016909839112677109
1.9,3.8,constant+average,226,0.0015527065785953596
1.9,3.8,constant+average,241,0.0014253147193424118
1.9,3.8,constant+average,256,0.001315327783761785
1.9,3.8,constant+average,273,0.0012077168988984832
1.9,3.8,constant+average,291,0.0011097643789800752
1.9,3.8,constant+average,310,0.001020775057485926
1.9,3.8,constant+average,330,0.0009400302847980599
1.9,3.8,constant+average,351,0.0008668178684982829
1.9,3.8,constant+average,374,0.0007976536034490623
1.9,3.8,constant+average,398,0.0007354400216720074
1.9,3.8,constant+average,424,0.0006773274824188399
1.9,3.8,constant+average,451,0.000625265311857308
1.9,3.8,constant+average,480,0.0005769672401336634
1.9,3.8,constant+average,511,0.000532417021149464
1.9,3.8,constant+average,545,0.0004903562158546139
1.9,3.8,constant+average,580,0.0004530674954120526
1.9,3.8,constant+average,617,0.0004190122672284431
1.9,3.8,constant+average,657,0.00038722377073159645
1.9,3.8,constant+average,700,0.00035776844191723393
1.9,3.8,constant+average,745,0.00033117878135751065
1.9,3.8,constant+average,794,0.0003062086575137707
1.9,3.8,constant+average,845,0.00028378963493293804
1.9,3.8,constant+average,900,0.0002629136560718413
1.9,3.8,constant+average,958,0.00024390557027639093
1.9,3.8,constant+average,1000,0.0002317360837062833
1.9,3.8,constant+average,1020,0.00022635028225195
1.9,3.8,constant+average,1086,0.00021020479975844563
1.9,3.8,constant+average,1157,0.00019520574201422003
1.9,3.8,constant+average,1232,0.00018152097057758226
1.9,3.8,constant+average,1311,0.00016904984981244183
1.9,3.8,constant+average,1396,0.0001574369112105298
1.9,3.8,constant+average,1487,0.00014668549588471631
1.9,3.8,constant+average,1583,0.00013687042478777522
1.9,3.8,constant+average,1686,0.0001277525411435348
1.9,3.8,constant+average,1795,0.00011939529547010986
1.9,3.8,constant+average,1911,0.0001116848331501873
1.9,3.8,constant+average,2000,0.00010645341280442289
1.9,3.8,constant+average,2035,0.00010453773244417006
1.9,3.8,constant+average,2167,9.793874120376465e-05
1.9,3.8,constant+average,2307,9.186314074357761e-05
1.9,3.8,constant+average,2457,8.621008263559008e-05
1.9,3.8,constant+average,2616,8.100383080745084e-05
1.9,3.8,constant+average,2785,7.619093509852387e-05
1.9,3.8,constant+average,2966,7.170615388115698e-05
1.9,3.8,constant+average,3000,7.093021267613612e-05
1.9,3.8,constant+average,3158,6.756486803181798e-05
1.9,3.8,constant+average,3363,6.371280353295861e-05
1.9,3.8,constant+average,3581,6.0141951190466926e-05
1.9,3.8,constant+average,3813,5.682639169130595e-05
1.9,3.8,constant+average,4060,5.37441294625128e-05
1.9,3.8,constant+average,4323,5.0876149876760713e-05
1.9,3.8,constant+average,4603,4.820572996999072e-05
1.9,3.8,constant+average,4901,4.571793707185788e-05
1.9,3.8,constant+average,5000,4.496060770211982e-05
1.9,3.8,constant+average,5218,4.339926628364686e-05
1.9,3.8,constant+average,5556,4.123137128614098e-05
1.9,3.8,constant+average,5916,3.92050895835055e-05
1.9,3.8,constant+average,6300,3.730690500298468e-05
1.9,3.8,constant+average,6708,3.553399130558583e-05
1.9,3.8,constant+average,7142,3.3874303815103054e-05
1.9,3.8,constant+average,7605,3.231473275762035e-05
1.9,3.8,constant+average,8000,3.1127463143752945e-05
1.9,3.8,constant+average,8098,3.0850815744235376e-05
1.9,3.8,constant+average,8622,2.947769634403571e-05
1.9,3.8,constant+average,9181,2.8183774899445423e-05
1.9,3.8,constant+average,9776,2.6966164583705828e-05
1.9,3.8,constant+average,10000,2.654439740073774e-05
1.9,3.8,constant+average,10409,2.581975248931511e-05
1.9,3.8,constant+average,11083,2.473836559403807e-05
1.9,3.8,constant+average,11801,2.371688145337393e-05
1.9,3.8,constant+average,12566,2.2750965682590642e-05
1.9,3.8,constant+average,13380,2.1837934383782113e-05
1.9,3.8,constant+average,14247,2.0973203859761666e-05
1.9,3.8,constant+average,15170,2.0153865773431352e-05
1.9,3.8,constant+average,16153,1.9376524958101558e-05
1.9,3.8,constant+average,17199,1.863898018553712e-05
1.9,3.8,constant+average,18314,1.7937357567348233e-05
1.9,3.8,constant+average,19500,1.7270763039774705e-05
1.9,3.8,constant+average,20000,1.7011001291691784e-05
1.9,3.8,constant+average,20763,1.6636133269675387e-05
1.9,3.8,constant+average,22109,1.6031016426455644e-05
1.9,3.8,constant+average,23541,1.5454558938519696e-05
1.9,3.8,constant+average,25066,1.4904404225568552e-05
1.9,3.8,constant+average,26690,1.4378968263280913e-05
1.9,3.8,constant+average,28419,1.3876888489177575e-05
1.9,3.8,constant+average,30260,1.3396719777930966e-05
1.9,3.8,constant+average,32221,1.2937017037141437e-05
1.9,3.8,constant+average,34308,1.2496989271859479e-05
1.9,3.8,constant+average,36531,1.2075153132003861e-05
1.9,3.8,constant+average,38897,1.1670817126642628e-05
1.9,3.8,constant+average,41417,1.1282738759263238e-05
1.9,3.8,constant+average,44101,1.0910059834153042e-05
1.9,3.8,constant+average,46958,1.0552176056770055e-05
1.9,3.8,constant+average,50000,1.0208212069077024e-05
1.9,3.8,1/sqrt(t)+average,100,0.007288256269536124
1.9,3.8,1/sqrt(t)+average,106,0.006920671648863122
1.9,3.8,1/sqrt(t)+average,113,0.00653999834279765
1.9,3.8,1/sqrt(t)+average,121,0.006157498014740056
1.9,3.8,1/sqrt(t)+average,129,0.005821131517646674
1.9,3.8,1/sqrt(t)+average,137,0.005522890155799568
1.9,3.8,1/sqrt(t)+average,146,0.005225220703812777
1.9,3.8,1/sqrt(t)+average,155,0.004960988988923049
1.9,3.8,1/sqrt(t)+average,165,0.004700049243387965
1.9,3.8,1/sqrt(t)+average,176,0.004446043189987459
1.9,3.8,1/sqrt(t)+average,187,0.004220807300496809
1.9,3.8,1/sqrt(t)+average,199,0.004002392084440251
1.9,3.8,1/sqrt(t)+average,212,0.003792552515429619
1.9,3.8,1/sqrt(t)+average,226,0.0035924355193622556
1.9,3.8,1/sqrt(t)+average,241,0.0034026969672858926
1.9,3.8,1/sqrt(t)+average,256,0.003234179311686363
1.9,3.8,1/sqrt(t)+average,273,0.0030645184534117843
1.9,3.8,1/sqrt(t)+average,291,0.0029054202874077627
1.9,3.8,1/sqrt(t)+average,310,0.0027565011192258277
1.9,3.8,1/sqrt(t)+average,330,0.002617284345611582
1.9,3.8,1/sqrt(t)+average,351,0.002487239055419073
1.9,3.8,1/sqrt(t)+average,374,0.002360607931336637
1.9,3.8,1/sqrt(t)+average,398,0.0022431532194242382
1.9,3.8,1/sqrt(t)+average,424,0.0021300000242999405
1.9,3.8,1/sqrt(t)+average,451,0.002025434144693325
1.9,3.8,1/sqrt(t)+average,480,0.0019253760543065882
1.9,3.8,1/sqrt(t)+average,511,0.0018301393419540523
1.9,3.8,1/sqrt(t)+average,545,0.0017372925891815274
1.9,3.8,1/sqrt(t)+average,580,0.0016522881894659362
1.9,3.8,1/sqrt(t)+average,617,0.0015721592228234238
1.9,3.8,1/sqrt(t)+average,657,0.0014949405011882714
1.9,3.8,1/sqrt(t)+average,700,0.0014210357284482323
1.9,3.8,1/sqrt(t)+average,745,0.0013521309550119573
1.9,3.8,1/sqrt(t)+average,794,0.001285292510777951
1.9,3.8,1/sqrt(t)+average,845,0.001223306191634281
1.9,3.8,1/sqrt(t)+average,900,0.0011636968738521715
1.9,3.8,1/sqrt(t)+average,958,0.0011076436185373634
1.9,3.8,1/sqrt(t)+average,1000,0.0010707712417452582
1.9,3.8,1/sqrt(t)+average,1020,0.001054187807367646
1.9,3.8,1/sqrt(t)+average,1086,0.001003424495602327
1.9,3.8,1/sqrt(t)+average,1157,0.0009547288720629432
1.9,3.8,1/sqrt(t)+average,1232,0.0009088574419012477
1.9,3.8,1/sqrt(t)+average,1311,0.0008657168504526691
1.9,3.8,1/sqrt(t)+average,1396,0.0008242680347016015
1.9,3.8,1/sqrt(t)+average,1487,0.0007846732955711744
1.9,3.8,1/sqrt(t)+average,1583,0.000747388418479091
1.9,3.8,1/sqrt(t)+average,1686,0.000711672176872679
1.9,3.8,1/sqrt(t)+average,1795,0.0006779243176655898
1.9,3.8,1/sqrt(t)+average,1911,0.0006458404632400904
1.9,3.8,1/sqrt(t)+average,2000,0.0006235057981127299
1.9,3.8,1/sqrt(t)+average,2035,0.0006152049230619282
1.9,3.8,1/sqrt(t)+average,2167,0.0005860764557070662
1.9,3.8,1/sqrt(t)+average,2307,0.0005584728147733339
1.9,3.8,1/sqrt(t)+average,2457,0.0005320476907045783
1.9,3.8,1/sqrt(t)+average,2616,0.0005070200367181051
1.9,3.8,1/sqrt(t)+average,2785,0.0004832403411687138
1.9,3.8,1/sqrt(t)+average,2966,0.000460476857400634
1.9,3.8,1/sqrt(t)+average,3000,0.00045647548958798297
1.9,3.8,1/sqrt(t)+average,3158,0.00043889448321698883
1.9,3.8,1/sqrt(t)+average,3363,0.0004182947993674835
1.9,3.8,1/sqrt(t)+average,3581,0.00039871169034567055
1.9,3.8,1/sqrt(t)+average,3813,0.000380077138182286
1.9,3.8,1/sqrt(t)+average,4060,0.0003623356703652647
1.9,3.8,1/sqrt(t)+average,4323,0.00034544093944992234
1.9,3.8,1/sqrt(t)+average,4603,0.0003293531314939579
1.9,3.8,1/sqrt(t)+average,4901,0.00031403702630333665
1.9,3.8,1/sqrt(t)+average,5000,0.0003093087985318799
1.9,3.8,1/sqrt(t)+average,5218,0.00029946057025386543
1.9,3.8,1/sqrt(t)+average,5556,0.00028555492715766454
1.9,3.8,1/sqrt(t)+average,5916,0.00027230387353482043
1.9,3.8,1/sqrt(t)+average,6300,0.0002596583535448838
1.9,3.8,1/sqrt(t)+average,6708,0.00024763663605765617
1.9,3.8,1/sqrt(t)+average,7142,0.00023619197595819757
1.9,3.8,1/sqrt(t)+average,7605,0.00022526483885179573
1.9,3.8,1/sqrt(t)+average,8000,0.00021683152379035718
1.9,3.8,1/sqrt(t)+average,8098,0.00021485204110055153
1.9,3.8,1/sqrt(t)+average,8622,0.0002049455902652176
1.9,3.8,1/sqrt(t)+average,9181,0.0001954856472603803
1.9,3.8,1/sqrt(t)+average,9776,0.00018647255836585285
1.9,3.8,1/sqrt(t)+average,10000,0.00018332545939014956
1.9,3.8,1/sqrt(t)+average,10409,0.00017788843742668763
1.9,3.8,1/sqrt(t)+average,11083,0.0001697050692405315
1.9,3.8,1/sqrt(t)+average,11801,0.0001618997898475111
1.9,3.8,1/sqrt(t)+average,12566,0.000154453944455524
1.9,3.8,1/sqrt(t)+average,13380,0.00014735996069933124
1.9,3.8,1/sqrt(t)+average,14247,0.00014059400108257973
1.9,3.8,1/sqrt(t)+average,15170,0.000134143775156115
1.9,3.8,1/sqrt(t)+average,16153,0.00012799186700150687
1.9,3.8,1/sqrt(t)+average,17199,0.00012212911285303538
1.9,3.8,1/sqrt(t)+average,18314,0.0001165319648266727
1.9,3.8,1/sqrt(t)+average,19500,0.00011119964591289997
1.9,3.8,1/sqrt(t)+average,20000,0.00010911865922913043
1.9,3.8,1/sqrt(t)+average,20763,0.00010611320708084423
1.9,3.8,1/sqrt(t)+average,22109,0.00010125777489136968
1.9,3.8,1/sqrt(t)+average,23541,9.66306089934116e-05
1.9,3.8,1/sqrt(t)+average,25066,9.221628599811367e-05
1.9,3.8,1/sqrt(t)+average,26690,8.800502907412345e-05
1.9,3.8,1/sqrt(t)+average,28419,8.398834550385186e-05
1.9,3.8,1/sqrt(t)+average,30260,8.015664672365741e-05
1.9,3.8,1/sqrt(t)+average,32221,7.64999743819956e-05
1.9,3.8,1/sqrt(t)+average,34308,7.301323672179397e-05
1.9,3.8,1/sqrt(t)+average,36531,6.968555508773127e-05
1.9,3.8,1/sqrt(t)+average,38897,6.651206244701218e-05
1.9,3.8,1/sqrt(t)+average,41417,6.348333793513496e-05
1.9,3.8,1/sqrt(t)+average,44101,6.059280850089281e-05
1.9,3.8,1/sqrt(t)+average,46958,5.783569815602008e-05
1.9,3.8,1/sqrt(t)+average,50000,5.520499357987849e-05
